	t_value	p_value
601899	7.919334361954357	0.004972858195808497
600362	0.9191445708045611	0.3378977481658175
000630	1.622473043638269	0.20300027773336324
601168	5.9944736846952775	0.014496790877992303
000878	0.0033681797407750964	0.9537298462220147
